{
  "run_name": "pretrain_40_half-seed0",
  "pretrain_steps": 40,
  "seed": 0,
  "model_hidden_dim": 96,
  "model_heads": 3,
  "model_depth": 2,
  "threshold_hits": {
    "0.8": 1000,
    "0.9": 1300,
    "0.97": 2000,
    "0.99": 2100
  },
  "pretrain_policy_loss": 0.2613553732013708,
  "pretrain_value_loss": 0.04431357198082951,
  "pretrain_accuracy": 0.905000297991537,
  "run_id": "run_20251018-010018-789293",
  "metrics_root": "/home/shadeform/c4-scaling/reports/local_metrics/half/run_20251018-010018-789293"
}