pretrain_steps,seed,threshold,episodes_to_target,model_hidden_dim,model_heads,model_depth,pretrain_policy_loss,pretrain_value_loss,pretrain_accuracy
0,2,0.8,600,192,6,2,2.1819653448810437,2.6412644069423137,0.007077299004708266
0,2,0.9,700,192,6,2,2.1819653448810437,2.6412644069423137,0.007077299004708266
0,2,0.97,900,192,6,2,2.1819653448810437,2.6412644069423137,0.007077299004708266
0,2,0.99,1300,192,6,2,2.1819653448810437,2.6412644069423137,0.007077299004708266
