{
  "run_name": "pretrain_60_1x-seed1",
  "pretrain_steps": 60,
  "seed": 1,
  "model_hidden_dim": 128,
  "model_heads": 4,
  "model_depth": 2,
  "threshold_hits": {
    "0.8": 300,
    "0.9": 400,
    "0.97": 600,
    "0.99": 1800
  },
  "pretrain_policy_loss": 0.1087932008989051,
  "pretrain_value_loss": 0.03139669453154958,
  "pretrain_accuracy": 0.964017521902378,
  "run_id": "run_20251018-010750-120492",
  "metrics_root": "/home/shadeform/c4-scaling/reports/local_metrics/1x/run_20251018-010750-120492"
}