{
  "run_name": "pretrain_40_half-seed1",
  "pretrain_steps": 40,
  "seed": 1,
  "model_hidden_dim": 96,
  "model_heads": 3,
  "model_depth": 2,
  "threshold_hits": {
    "0.8": 700,
    "0.9": 900,
    "0.97": 1800,
    "0.99": 2400
  },
  "pretrain_policy_loss": 0.2613553732013708,
  "pretrain_value_loss": 0.04431357198082951,
  "pretrain_accuracy": 0.905000297991537,
  "run_id": "run_20251018-010018-789293",
  "metrics_root": "/home/shadeform/c4-scaling/reports/local_metrics/half/run_20251018-010018-789293"
}